{"type":"Topology","transform":{"scale":[0.008032967683335928,0.005923986565619291],"translate":[73.63366234913038,18.20281764676874]},"arcs":[[[3825,3240],[42,2],[60,-74],[32,-146],[-15,-29],[64,-74],[46,-15],[29,51],[59,11],[5,51],[-52,31],[-5,73],[21,86],[78,-23]],[[4189,3184],[2,-26],[73,-26],[21,-28],[81,-39],[-27,-84],[4,-98],[-106,-10],[20,-41],[-79,-13],[-35,32],[-41,-1],[-33,-84],[42,-56],[-29,-54],[-4,-54],[-70,-20],[8,-86],[-49,-14]],[[3967,2482],[-29,-45],[-81,4],[-65,170],[-112,23],[-9,61],[-44,17],[-74,-55],[39,-81],[-62,-42],[-26,53]],[[3504,2587],[-78,28],[-46,78],[19,39],[105,-54],[54,53],[-51,41],[25,54],[33,19],[5,62],[49,17],[33,52],[-25,112],[-39,78],[12,35],[-65,55],[-33,6],[-179,134],[-66,8],[-111,113],[-100,-38],[-90,56],[-48,6],[-4,-134],[-115,53],[-91,82],[-37,-6],[-66,29],[-117,-7],[-75,-21]],[[2403,3537],[-20,111],[20,111],[74,15],[60,92],[71,81],[59,34],[97,9],[26,28],[0,83],[40,38]],[[2830,4139],[103,11]],[[2933,4150],[81,-197],[-23,-35],[83,-94],[-12,-53],[52,4],[63,45],[107,11],[23,-51],[-63,-122],[62,-30],[39,-47],[40,-4],[8,-49],[65,-60],[52,-10],[-1,63],[71,30],[72,-20],[39,29],[92,25],[25,-59],[-38,-69],[-56,-42],[-4,-100],[115,-75]],[[3504,2587],[-38,-51],[-38,-14],[-2,-79],[-60,1],[-99,58],[-22,-48],[-51,25],[-55,48],[-25,85],[-25,30],[-57,17],[-76,-15],[29,-91],[-23,-105],[36,-27]],[[2998,2421],[-44,-8],[-15,-73],[-114,-29],[-60,-30],[-55,16],[0,57],[-42,19],[-54,69],[-65,-32],[-76,6],[-61,37],[-99,3],[-83,55],[-21,33],[-71,-22],[-61,24],[-85,136],[25,49],[-48,140],[35,40],[8,60],[-14,47]],[[1998,3018],[179,0],[-14,71],[-40,46],[79,46],[-31,74],[-79,49],[-31,93],[58,59],[153,33],[60,32],[71,16]],[[4776,1103],[7,-62],[-19,-63],[-54,-66],[-7,-92],[-18,-42],[-60,-42],[-51,-113],[-53,-9],[-26,-45]],[[4495,569],[-66,-26],[-20,37],[-75,3],[-57,-29],[-27,29],[-53,-9],[-46,56],[-38,22],[-13,86],[11,50],[-102,8],[-39,42]],[[3970,838],[40,60],[35,3],[3,75],[-122,30],[-9,45],[-74,25],[4,28]],[[3847,1104],[24,-19],[59,63],[99,-60],[38,56],[86,46],[34,49],[20,-41],[54,-26],[54,66],[35,-12],[90,47],[20,50]],[[4460,1323],[39,-5],[19,32],[40,-38],[18,31],[69,39],[38,-18],[-7,-58],[16,-71],[-46,-77],[58,9],[31,-57],[41,-7]],[[4435,1739],[20,-159],[-78,-77],[73,8],[16,-56],[-27,-78],[21,-54]],[[3847,1104],[24,81],[-53,73],[46,123],[-30,54],[-75,-26],[-17,102],[27,40],[32,-20],[128,21],[13,55]],[[3942,1607],[43,-7],[87,28],[-22,52],[-62,27],[2,46],[86,-2]],[[4076,1751],[44,-16],[15,49],[56,6],[61,54],[63,-8],[54,-142],[44,-8],[22,53]],[[4476,2285],[70,-68],[-3,-73],[-71,-42],[-140,-28],[32,-133],[64,-101]],[[4428,1840],[7,-101]],[[4076,1751],[-14,48],[-65,26],[-12,43],[-45,51],[53,50],[-19,47],[30,49],[114,-64],[40,0],[57,101],[54,37],[16,62],[56,92],[-30,31],[31,38]],[[4342,2362],[67,-43],[35,-40],[32,6]],[[5443,3723],[-15,-28]],[[5428,3695],[-51,-9],[7,-60]],[[5384,3626],[-11,-14]],[[5373,3612],[-60,-24],[-68,9],[-37,23],[-6,54],[64,49],[-26,48],[93,39],[15,37],[75,-78],[20,-46]],[[5824,1520],[-39,-69],[-69,-8],[33,-54],[-14,-75],[-74,-98],[-47,-86],[-86,-83],[10,-23],[-65,-70],[-53,-41]],[[5420,913],[-17,22],[-34,157],[-49,29],[-60,13]],[[5260,1134],[31,158],[60,107],[-14,32],[21,52],[32,7],[29,44],[-7,47],[53,68],[36,-6],[68,27],[9,33]],[[5578,1703],[39,-1],[24,-138],[40,-7],[44,39],[17,-56],[74,9],[8,-29]],[[5726,2182],[-7,-42],[-42,-98],[-44,4],[2,-57],[-22,-43],[-68,-54]],[[5545,1892],[-58,25],[-73,60],[-122,-22]],[[5292,1955],[-25,122],[-22,30],[31,47],[-80,77]],[[5196,2231],[20,54],[45,9],[0,97],[-86,38],[-2,44],[50,190],[45,4],[23,-47],[63,39],[-61,104]],[[5293,2763],[28,12]],[[5321,2775],[72,-42],[9,-40],[59,-18],[31,-55],[53,-7],[-31,-76],[36,-9],[19,-72],[44,-3],[-6,-48],[-40,-85],[62,-53],[-14,-55],[53,-3],[58,-27]],[[5016,1223],[23,-24],[41,14],[34,-18],[-55,-93],[14,-37],[129,46],[35,-41],[23,64]],[[5420,913],[-18,8],[-67,-122],[-120,-33],[-104,9],[-92,-51],[-33,43],[-25,-100],[-58,-13],[-51,-51],[-73,4],[-46,-44],[-106,-23],[-65,-51],[-14,-43],[46,-62],[-32,-38],[-39,5],[-38,109],[14,48],[-4,61]],[[4776,1103],[23,77],[58,-12],[69,64],[45,-30],[45,21]],[[2998,2421],[61,-32],[48,-128],[37,-41],[-34,-28],[42,-81],[13,-134],[-9,-45],[15,-72]],[[3171,1860],[-77,-164],[-46,-18]],[[3048,1678],[-73,65],[-26,-52],[-78,62],[-69,132],[-50,-5],[-66,-43],[-67,37],[-34,-16],[-19,-47],[-65,-39],[-34,-5],[-102,-101],[-26,-42],[-58,-17],[-94,59],[-66,3],[-51,42],[-87,-34],[-62,-88],[-39,-9],[8,73],[-27,19],[-105,-48],[-75,0],[-75,48],[-16,-34],[-96,65],[-71,2],[-18,41],[-61,31],[-43,87],[-72,-11],[-41,73],[-45,8],[-36,44],[-50,25],[-8,46],[-57,13],[-65,-68],[-15,40],[-90,53],[-52,67],[-40,0],[-47,72],[-44,-17],[-4,114],[-35,53],[20,50],[39,-38],[70,61],[-16,77],[-50,24],[-24,41],[-7,89],[28,44]],[[662,2724],[32,17],[71,-4],[13,81],[54,103],[83,-36],[117,-1],[67,68],[56,-1],[7,-31],[81,-24],[74,5],[117,61],[58,-13],[42,15],[31,58],[32,19],[241,40],[102,-32],[58,-31]],[[662,2724],[-82,48],[-51,136],[-123,27],[-91,36],[-33,50],[10,61],[-23,39],[-86,51],[-26,40],[9,90],[-22,53],[-2,73],[-55,26],[-64,-13],[-17,45],[-6,100],[36,25],[4,72],[51,14],[61,69],[42,-12],[41,33],[47,-57],[89,50],[19,59],[30,17],[133,-1],[71,81],[79,45],[113,40],[-6,105],[34,68],[47,14],[-10,55],[-46,110],[4,95],[-39,59],[99,18],[110,35],[27,-32],[82,18],[-41,48],[69,202],[36,82],[96,-41],[95,2],[31,-23],[92,58],[-17,122],[29,80],[100,21],[22,80],[48,23],[87,7],[1,-64],[24,-42],[69,-33],[59,-59],[63,6],[94,-60],[21,-62],[50,-59],[22,-66],[-5,-84],[-39,-57],[13,-74],[90,-37],[153,-6],[96,-15],[146,-102],[85,-10],[66,-181],[57,-83]],[[4653,250],[-38,-45],[-37,-127],[-17,0],[-88,-78],[-109,51],[-8,130],[85,109],[106,25],[96,-13],[10,-52]],[[4236,3317],[-44,-47],[-3,-86]],[[3825,3240],[76,26],[50,34],[53,10],[6,128],[34,93],[24,29],[61,10],[20,-65],[-61,-114],[106,-38],[42,-36]],[[4665,3575],[-26,-141],[-48,-58],[0,-42],[35,-66],[-52,-116],[15,-66],[-7,-50],[22,-100],[-35,-67],[-13,-67],[13,-31]],[[4569,2771],[32,-126],[44,-43],[4,-59]],[[4649,2543],[-93,-19],[-71,18],[10,-56],[45,-16],[-10,-48],[-48,7],[-19,-39],[23,-51],[-10,-54]],[[4342,2362],[-69,-6],[-40,40],[-69,20],[-43,38],[-66,-24],[-16,47],[-63,-27],[-9,32]],[[4236,3317],[42,-36],[94,6],[35,72],[-6,40],[85,113],[64,47],[57,-7],[58,23]],[[4990,3064],[-14,-123],[-99,-65],[-94,-1],[-62,-62],[-52,-8],[-61,-37],[-39,3]],[[4665,3575],[47,46],[56,9],[44,90],[54,-12],[27,29],[51,-4],[87,29],[14,43]],[[5045,3805],[15,-62],[-44,-56],[60,-36],[17,-51],[-21,-63],[-64,-13],[-5,-43],[-36,-49],[71,-141],[-44,-98],[3,-40],[-40,-24],[33,-65]],[[5292,1955],[-32,-9],[-50,22],[-16,-36],[-67,-44],[-94,-31],[-20,-23]],[[5013,1834],[-39,39],[7,64],[-29,15],[-35,-51],[-59,28],[-47,-6],[-44,44],[-85,30],[-92,3],[10,-47],[-60,2],[-80,-37],[-32,-78]],[[4649,2543],[66,-99],[96,-56],[117,10],[66,-49],[14,-43],[36,-2],[49,-48],[103,-25]],[[5013,1834],[28,-39],[13,-81],[-63,-64],[-21,-67],[36,-52],[2,-104],[28,-13],[-5,-85],[-18,-55],[3,-51]],[[3942,1607],[-16,58],[-70,-37],[-29,19],[-10,113],[-52,0],[0,-51],[-38,-14],[-8,-64],[-47,-75],[-30,-22],[1,-62],[20,-61],[-42,-55],[-19,24],[-59,-50],[-65,36],[-8,80],[-61,69],[-44,118],[-58,4],[-6,72],[-65,82],[-58,-63],[-7,132]],[[3970,838],[-29,33],[-62,-47],[-8,-41],[-92,-51],[-41,43],[-44,-1],[-37,-60],[-64,55],[-30,-44],[-55,-16],[-37,-30],[29,-71],[-5,-113],[-55,6],[-23,101],[-57,-51],[-84,43],[2,41],[-79,22],[-3,105],[23,58],[-78,20],[-1,72],[-34,79],[-109,9],[-22,104],[21,54],[123,140],[9,123],[-14,167],[-46,-7],[-20,97]],[[5428,3695],[-14,-80],[-30,11]],[[5677,3894],[-48,-76],[59,-49],[66,-92]],[[5754,3677],[-64,-46],[-4,-47],[-37,-41],[-85,-27],[-40,31]],[[5524,3547],[-17,60],[-30,1],[-34,115]],[[5373,3612],[12,-84],[-19,-53],[66,-39],[34,11]],[[5466,3447],[37,-59]],[[5503,3388],[-50,-70],[-79,-3],[-48,-61],[-48,-21],[-46,-91],[-48,-58],[23,-53]],[[5207,3031],[-112,-4],[-105,37]],[[5045,3805],[-35,59],[6,54],[77,121],[38,3],[5,-91],[120,54],[125,15],[3,64],[114,29],[23,-57],[37,-28],[-16,-56],[41,-64],[94,-14]],[[5207,3031],[5,-74],[-54,-57],[-29,-62],[43,-13],[45,-61],[76,-1]],