{"type":"Topology","transform":{"scale":[0.0005262822380730066,0.00034022463339634696],"translate":[5.954809204000128,45.820718486]},"arcs":[[[497,1437],[48,-135],[65,-1],[10,-69],[-49,-55],[-122,-87],[-97,-121],[-61,-35],[-65,31],[-86,-3],[-87,-22],[-45,-30],[45,119],[-53,86],[7,35],[46,32],[114,59],[47,-4],[42,14],[21,162],[34,89]],[[311,1502],[106,-93],[80,28]],[[2626,4735],[90,-54]],[[2716,4681],[52,-44],[16,-46],[33,-10]],[[2817,4581],[92,-25],[51,-3],[31,-17],[48,-59]],[[3039,4477],[-30,-30],[3,-34],[36,-4]],[[3048,4409],[-5,-8]],[[3043,4401],[-113,-34],[-209,18],[-29,34],[-31,-38],[-68,-49],[-49,-18],[-65,-9],[-161,34],[-5,-54],[-26,-23],[-7,-68],[-94,-19],[-59,6],[-65,-99],[-88,-74],[-63,-2],[-91,-69],[-36,-17],[-32,27],[-52,4]],[[1700,3951],[-22,9]],[[1678,3960],[41,67],[55,60],[129,100],[-8,73],[13,60],[35,39],[27,7],[29,39],[56,30],[16,32],[-78,81],[-35,-18],[-225,-23],[9,38],[52,84],[49,31],[2,55],[51,12],[59,44],[14,24],[-34,109],[52,25],[102,-21],[94,17],[95,-29],[52,5],[-35,-83],[11,-48],[97,-45],[48,-31],[72,33],[103,8]],[[1700,3951],[40,-22],[39,-84],[-21,-115],[302,99],[1,-40],[82,-40],[18,-105],[-5,-17],[-79,-46],[-51,-145]],[[2026,3436],[-143,-125]],[[1883,3311],[-73,-64]],[[1810,3247],[-61,-54]],[[1749,3193],[-207,-181]],[[1542,3012],[-32,73],[-7,76],[-32,43],[-7,83],[-112,-72],[-80,-66],[-57,-20],[-154,-88],[-133,-11]],[[928,3030],[10,59],[-39,110],[28,103],[92,56],[204,69],[127,102],[43,66],[-22,55],[43,65],[48,18],[41,39],[-2,50],[57,21],[120,117]],[[4686,5174],[-47,-92],[-41,-43],[-32,-54],[-10,-86],[10,-40],[56,-139],[31,-48],[-8,-23],[-55,-71],[63,-46],[-5,-60],[28,-46],[52,-10],[-54,-80],[-61,-29],[47,-119]],[[4660,4188],[-28,-77],[24,-226]],[[4656,3885],[-54,2],[-48,40],[-28,49],[-92,278],[-21,28],[-63,10],[-32,-39],[-53,-105],[-30,-24],[-39,10],[-22,53],[-89,16],[-30,31],[-130,-54],[-43,89],[-78,10],[-1,-60],[-14,-28],[-209,-43]],[[3580,4148],[-24,44],[-6,65]],[[3550,4257],[60,114],[90,89],[151,-29],[30,18],[60,131],[-1,56],[-43,18],[-46,80],[-1,41],[-49,37]],[[3801,4812],[-24,16],[-5,60],[-58,6],[-114,175],[-44,2],[-9,-48],[-48,-46],[-26,-4],[-9,59],[-96,52]],[[3368,5084],[75,16],[35,22],[66,94],[26,-14],[123,-8],[26,-80],[247,0],[86,20],[66,73],[76,34],[32,35],[137,18],[82,-31],[23,-56],[91,-33],[127,0]],[[4656,3885],[24,-41],[36,-13],[11,-32]],[[4727,3799],[-59,-37],[-45,-87],[32,-53],[29,15],[75,-22],[73,-71],[1,-62],[-63,-36]],[[4770,3446],[-36,48],[-46,-26],[-81,-5],[-25,26],[-70,-31],[-47,6],[-102,-11],[-47,-21],[2,-49]],[[4318,3383],[-106,-11],[-36,-30],[6,-55],[-84,-99],[-52,0],[-21,-35],[-13,-63],[-37,-97],[25,-97],[-31,-52]],[[3969,2844],[-39,3],[-61,-31],[-26,0],[-48,69],[-125,107],[-30,34],[-18,82],[21,32],[7,104],[68,21],[31,43],[35,98],[12,68],[-54,21],[-51,5],[-6,48],[-39,60],[-5,38],[6,118],[24,79],[-22,142],[-69,163]],[[4770,3446],[46,-34],[137,19]],[[4953,3431],[1,-33],[-27,-87],[-36,-43],[-128,-76],[21,-150]],[[4784,3042],[-92,-4],[-44,38],[-37,-25],[-40,25],[24,-137],[55,-81],[35,-35],[-55,-18]],[[4630,2805],[-45,42]],[[4585,2847],[-39,25],[-39,58],[-5,69],[5,88],[12,47],[0,78],[-13,21],[-66,47],[30,90],[-83,36],[-69,-23]],[[4792,2090],[-55,-80],[-32,-23],[-67,-18],[-21,-84],[3,-35]],[[4620,1850],[-81,-19],[-52,-29],[-41,-46],[-15,-37],[20,-23],[-11,-57],[-41,-42],[-54,-29],[-93,-132],[-40,-30],[-82,-19],[-41,-21],[-37,-40],[-27,-53],[51,-53],[57,-117],[5,-108],[-41,-95],[-84,-77],[-60,-13],[-32,-46],[-15,-150],[-47,-89],[-32,-19],[-134,-32],[-48,-66],[-5,-56],[-40,-2],[-11,-61],[-24,-14],[-97,11],[-91,37],[-73,-6],[-38,64],[-59,47],[-192,52],[-33,-18],[-39,-62],[-96,-32],[-113,-89],[-61,-23],[-142,16],[-79,-44],[-116,-52],[-121,-13],[-58,13],[-44,28],[-85,103],[-75,206],[-128,157],[-43,20],[-44,-33],[-35,16],[1,107],[34,77],[-29,30],[-152,36],[-16,50],[17,100],[33,105],[67,141],[-43,80],[-67,76],[-36,68],[10,33],[50,63],[12,78]],[[1584,1717],[126,-21],[23,14],[53,-82],[0,-78],[69,-40],[18,-79],[120,-225],[78,-121],[136,88],[44,60],[22,10],[63,80],[30,64],[-3,48],[56,66]],[[2419,1501],[66,42],[25,54],[62,22],[17,-58],[23,-10],[72,26],[70,62],[111,8],[61,-21],[96,36],[28,27],[-36,30],[43,29],[65,21],[50,61],[40,-6],[126,-64],[22,2],[232,179],[67,-4],[41,17],[121,89],[14,23],[-15,48],[72,52],[49,2],[162,-33],[62,-36],[51,-6],[31,-32],[145,39],[88,52],[50,39],[37,53],[29,134],[48,73],[20,3]],[[4664,2454],[23,-29],[-5,-61],[-21,-94],[27,-88],[29,-48],[75,-44]],[[6942,4788],[-111,-43],[60,-31]],[[6891,4714],[3,-27],[-80,-53]],[[6814,4634],[4,76],[-29,31],[-31,-23],[1,-39],[-42,-23],[-6,-33]],[[6711,4623],[-11,-74],[14,-44]],[[6714,4505],[-62,2],[-201,100],[-14,-71],[-20,-48],[-44,-43],[-11,-86],[54,-149]],[[6416,4210],[-44,-9],[-78,51],[-95,12],[-40,28],[23,28],[-13,66],[32,70],[-36,10],[-25,52],[26,29],[50,96],[85,7],[45,-10],[154,30],[41,-1],[34,21],[20,52],[134,56],[57,45],[79,-41],[77,-14]],[[6837,4986],[60,-107],[71,-34],[54,-50],[-2,-124],[-18,-45],[-73,-98],[-27,-98],[-64,-82],[-93,-165],[-33,-100],[-4,-99],[51,-138],[1,-63],[-18,-39],[-52,-62],[3,-28]],[[6693,3654],[36,-110],[68,-127],[-35,-21],[-12,-40],[-50,-75],[-12,-80],[-25,-47],[-49,-34],[-60,38],[-255,40],[-25,-4],[-31,38]],[[6243,3232],[3,39],[-22,72],[14,100],[-37,102],[-30,35],[-85,-22],[-44,38],[66,48],[10,42],[10,139],[-200,42],[-28,17],[-101,96],[-41,-17]],[[5758,3963],[-63,78],[7,54],[-60,19],[-179,-19],[-103,20]],[[5360,4115],[25,68],[35,28],[103,-8],[113,54],[24,55],[67,87],[-16,85],[-53,99]],[[5658,4583],[19,1],[61,95],[28,62],[78,20],[2,58],[-54,39],[1,37],[46,28],[72,0],[14,-18],[108,0],[41,53],[28,-35],[63,-31],[107,-23],[75,26],[19,43],[-10,44],[-32,30],[99,28],[18,-29],[-3,-53],[42,-57],[42,7],[97,77],[33,-59],[185,60]],[[6416,4210],[55,-35],[29,-4],[54,21],[64,41],[27,31],[37,74],[32,167]],[[6711,4623],[75,25],[28,-14]],[[6891,4714],[8,28],[43,46]],[[6098,1036],[-140,-103],[-35,-57],[-3,-104],[-21,-64],[-60,-25],[-49,-40],[-8,-34],[34,-103],[-63,-61],[36,-106],[36,-39],[59,-21],[23,-49],[-8,-50],[-47,-100],[-61,-80],[-58,12],[-61,29],[-76,-24],[27,116],[-4,51],[-26,77],[-52,110],[-25,30],[-109,63],[-62,13],[44,105],[55,71],[28,69],[-49,69],[-87,9],[-86,43],[-43,-36],[-34,2],[-88,55],[-56,24],[-120,190],[-54,60],[-102,50],[-35,31],[-20,47],[-8,72],[7,75],[31,152],[6,85],[-9,155],[-26,41],[-79,4]],[[4792,2090],[63,56],[26,81],[47,20],[167,-41],[79,36]],[[5174,2242],[64,-31],[146,-14],[112,21],[97,41],[31,91],[78,30],[18,-46],[64,-7],[45,-22],[30,-42],[-30,-78],[-14,-90],[23,-86],[40,-69],[55,4],[22,-43],[-1,-99],[18,-52],[-18,-65],[1,-89],[-36,-79],[2,-58],[-26,-53],[1,-27],[35,-83],[-3,-64],[25,-57],[44,-35],[39,-53],[62,-51]],[[6243,3232],[-52,-50],[-32,-48],[-90,-21],[-64,-47],[-107,34],[-36,-17],[-1,-34],[-28,-67],[-41,-46],[-43,-22],[-105,-34],[-33,33],[-69,11]],[[5542,2924],[1,89],[63,54],[61,20],[21,28],[0,47],[-34,75]],[[5654,3237],[40,23],[17,74],[-11,31],[-40,32],[-3,40],[-53,81],[-27,26],[9,33],[68,41],[51,84],[-3,60],[56,201]],[[5174,2242],[5,40],[-18,69],[-35,53],[29,96],[2,44],[20,24],[68,31],[64,82],[33,13],[36,-12],[42,22],[0,37],[33,51],[2,59],[67,44],[20,29]],[[6693,3654],[158,-34],[40,13],[35,-10],[99,14],[32,-5],[359,-120],[18,-40],[-12,-155],[27,-64],[47,-38],[203,-70],[74,-74],[43,-26],[82,-28],[89,13],[82,45],[20,30],[15,84],[29,52],[115,-2],[1,55],[33,67],[48,59],[55,33],[52,-30],[39,-67],[82,-76],[10,-50],[-24,-100],[5,-62],[-10,-95],[-18,-45],[-41,-53],[21,-127],[-55,-59],[-10,-102],[-48,-84],[16,-56],[34,-43],[81,-8],[39,-37],[15,-56],[-2,-76],[-14,-72],[-27,-48],[-34,-7],[-136,39],[-67,-7],[-46,15],[-37,42],[-78,29],[-8,32],[7,93],[-30,27],[-49,-1],[-180,-55],[-27,-33],[-23,-95],[-74,-93],[-4,-165],[26,-28],[-34,-62],[30,-39],[56,-23],[118,-32],[14,-33],[-15,-64],[-53,-58],[-25,-95],[24,-58],[79,-85],[24,-53],[-25,-56],[-53,-36],[-79,-32],[-64,1],[-1,66],[-20,50],[-74,72],[-28,40],[-13,123],[-13,48],[-47,33],[-77,14],[-83,-15],[-126,-70],[-39,-14],[-71,36],[-41,-25],[-1,-90],[-30,-43],[-36,-16],[-217,3],[-84,47],[-25,36],[-38,106],[-58,39],[-18,31],[2,45],[-11,282],[-51,-9],[-29,-57],[-36,-2],