{"type":"Topology","transform":{"scale":[0.003323244857226,0.0035770096454462975],"translate":[112.95177834861681,-43.64025683614585]},"arcs":[[[7153,8374],[-14,-13],[40,-83],[-5,-34],[-46,-36],[-55,18],[-15,61],[17,44],[78,43]],[[5246,8994],[73,-93],[-40,-11],[-57,20],[-67,-17],[-4,45],[39,5],[-5,61],[44,29],[17,-39]],[[5282,9047],[65,-29],[50,20],[35,-10],[82,44],[42,-15],[16,-70],[-52,-65],[-95,-56],[-88,38],[-58,40],[-39,116],[42,-13]],[[7538,7576],[0,-252],[0,-329],[0,-330],[0,-414],[0,-329],[0,-248],[0,-413],[0,-329]],[[7538,4932],[-424,0],[-338,0],[-254,0],[-508,0],[-339,0],[-422,0],[-424,0]],[[4829,4932],[0,388],[0,195],[0,486],[0,291],[0,390],[0,291],[0,486],[0,293],[0,291]],[[4829,8043],[66,8],[119,-28],[16,53],[-40,57],[-53,39],[21,53],[36,37],[52,20],[-2,41],[31,30],[7,70],[89,14],[34,49],[-40,37],[4,60],[66,21],[-2,47],[71,36],[13,37],[48,0],[41,29],[33,-9],[5,61],[64,-7],[71,-36],[111,20],[59,-23],[62,40],[30,-10],[61,31],[39,123],[-84,59],[-93,-24],[-49,37],[-2,41],[51,0],[57,27],[54,-23],[60,-77],[79,44],[74,-102],[145,-29],[41,29],[42,-55],[60,9],[72,-46],[68,-1],[50,27],[32,-51],[64,-36],[50,12],[21,30],[74,4],[64,-46],[32,33],[43,-90],[75,14],[23,44],[-54,27],[81,61],[72,-94],[56,17],[16,-44],[-37,-25],[-95,-148],[13,-44],[-68,-3],[-30,-19],[-61,5],[-37,-32],[-11,-76],[44,-84],[-21,-17],[-4,-66],[-37,-12],[-81,-105],[-38,-26],[17,-58],[239,-142],[13,-41],[40,-14],[106,-78],[66,11],[112,-73],[116,-37],[77,-80]],[[3,5076],[53,-112],[-56,32],[3,80]],[[4829,4932],[0,-398],[0,-498],[0,-397],[0,-298]],[[4829,3341],[-103,-44],[-192,-66],[-76,-12],[-144,-42],[-183,-11],[-129,20],[-74,-9],[-140,-76],[-163,-54],[-88,-45],[-105,-14],[-79,-56],[-42,-116],[-113,-87],[-71,-7],[-59,-27],[-18,34],[-234,-12],[-35,-27],[-54,53],[-61,-19],[-143,23],[-232,-21],[-43,-22],[-116,13],[-73,-19],[-67,-42],[-31,-55],[-62,-52],[-99,21],[-63,-53],[-73,-22],[-109,-76],[-196,-26],[-83,21],[-95,-14],[-123,15],[0,18],[-135,30],[-82,81],[-138,67],[-54,-13],[-42,74],[-4,112],[49,18],[94,6],[71,87],[2,72],[-21,93],[33,47],[13,96],[-23,150],[-68,97],[-43,86],[-39,46],[-36,85],[-36,138],[11,154],[-44,108],[-77,86],[-14,74],[-66,81],[-43,35],[-21,67],[14,50],[-39,104],[-128,178],[-88,78],[-16,44],[51,25],[44,-56],[2,-59],[74,-10],[22,71],[-93,71],[-6,42],[-43,67],[51,20],[89,-116],[27,-80],[35,-33],[45,37],[-23,147],[-63,84],[-44,90],[-38,24],[-22,99],[-64,88],[7,102],[56,117],[45,33],[-1,98],[17,73],[-48,91],[48,68],[43,106],[64,45],[-24,-107],[28,-46],[3,-51],[55,12],[23,66],[62,112],[85,42],[53,7],[105,42],[45,49],[61,30],[29,42],[66,27],[22,39],[72,7],[93,57],[47,-26],[52,26],[60,-27],[73,3],[98,24],[30,36],[71,40],[53,-5],[144,28],[44,60],[70,25],[107,-30],[45,27],[157,17],[215,77],[109,79],[62,79],[39,80],[78,89],[95,75],[41,55],[-46,25],[-19,94],[1,65],[39,70],[88,85],[40,0],[17,51],[61,7],[42,-42],[48,-79],[38,-84],[35,-32],[43,69],[-20,24],[64,57],[-75,90],[34,23],[-30,56],[11,37],[55,-2],[34,-58],[39,35],[61,-42],[55,18],[-7,33],[64,33],[-66,117],[30,58],[47,-10],[21,36],[69,10],[-26,55],[57,23],[65,-2],[15,55],[-48,38],[46,47],[64,22],[101,-29],[53,47],[28,96],[32,-6],[62,33],[57,-53],[63,68],[-21,39],[61,19],[53,-69],[37,20],[50,-12],[9,-30],[65,-37],[64,-81],[85,-61],[-28,-122],[39,19],[60,72],[41,13],[141,-33]],[[10953,2315],[-43,-3],[-36,-73],[4,-63],[-46,-9],[-53,64],[15,96],[92,50],[67,-62]],[[11360,2382],[-28,-19],[-37,-33],[-24,-68],[-74,-114],[-29,-171],[-41,-73],[-3,-49],[28,-47],[-12,-94]],[[11140,1714],[-528,197],[-57,159],[-9,50],[-77,32],[-121,-37],[-149,-7],[-62,28],[-81,-15],[-189,24],[-51,35],[-170,-7],[-36,-58],[-44,-17],[-96,63],[-21,38],[-77,52],[-157,69],[-51,45],[-22,63],[7,43],[-174,61],[-25,-42],[-42,-11],[-51,67],[-45,96],[-55,21],[-92,3],[-54,-31],[-100,40],[-71,15]],[[8440,2690],[0,436],[0,441],[0,351],[0,175]],[[8440,4093],[293,0],[292,0],[292,0],[292,0],[439,0],[292,0],[499,0],[36,42],[97,47],[21,27],[161,-5],[91,17],[39,-30],[115,0],[64,-24],[4,-27],[68,-25],[27,-70],[54,60],[135,14],[19,58],[-32,44],[134,52],[219,5],[113,53]],[[12204,4331],[25,-48],[4,-153],[-46,-47],[-33,-80],[7,-42],[-53,-197],[-45,-89],[-16,-68],[30,-56],[-32,-63],[-14,-89],[-127,-190],[2,-74],[-105,-72],[-111,-59],[-138,-202],[-22,-102],[-103,-98],[-39,-188],[-28,-32]],[[7424,2252],[-13,-39],[82,-22],[-118,-79],[-69,29],[-152,-22],[-58,42],[19,43],[143,24],[84,24],[82,0]],[[8440,2690],[-10,-153],[0,-280],[0,-278],[0,-419]],[[8430,1560],[-83,-3],[-99,53],[-75,101],[-38,9],[-58,61],[-36,88],[55,41],[-1,52],[-114,202],[-131,83],[101,36],[-32,40],[-95,-29],[13,-24],[-107,-13],[-32,-23],[-113,-3],[-6,34],[91,55],[21,80],[-3,80],[-63,74],[-19,52],[-57,2],[-32,-29],[-7,-58],[-49,-143],[-103,3],[-159,-47],[19,73],[47,30],[106,1],[19,84],[-15,48],[21,121],[122,136],[-37,75],[68,33],[-40,98],[-89,-52],[-48,-46],[-22,-69],[-46,-74],[-186,-70],[-71,-47],[-74,-106],[-75,-53],[41,-95],[-81,34],[-42,-6],[-79,68],[29,25],[-51,148],[-24,36],[-104,72],[-8,78],[-112,56],[-50,-3],[-61,126],[61,-2],[-7,47],[-112,39],[-17,47],[-72,40],[-53,-31],[-83,10],[-100,61],[-92,3],[-79,-24],[-46,35],[-164,84],[-107,36],[-104,-34],[-203,7],[-349,-32]],[[7538,4932],[564,0],[338,0],[0,-314],[0,-210],[0,-315]],[[11140,1714],[-56,-13],[-37,-40],[-55,-25],[-209,-2],[-144,-8],[-117,-27],[-99,-45],[-214,-157],[-210,-32],[32,-43],[57,28],[-12,-78],[-104,75],[-50,-24],[-35,72],[-50,-8],[-67,46],[42,37],[-28,42],[-52,0],[-82,-73],[-6,47],[36,46],[-42,73],[-47,1],[-46,-35],[17,-40],[-23,-35],[-69,-1],[-106,-51],[-68,-61],[-99,-44],[-83,25],[-54,36],[-75,15],[-93,57],[-84,-9],[-72,31],[-93,4],[-32,-39],[-131,82],[-50,19]],[[12137,5284],[27,-76],[-88,-183],[-25,65],[11,70],[57,43],[-19,61],[37,20]],[[11460,5644],[53,-20],[26,-60],[-26,-11],[-64,76],[11,15]],[[8048,7601],[-43,-8],[-31,-49],[-92,-28],[6,38],[36,41],[89,22],[35,-16]],[[7538,7576],[46,-38],[101,-33],[47,5],[117,-38],[36,-33],[25,-82],[60,-14],[61,-44],[85,-25],[24,-24],[121,10],[133,64],[33,124],[73,82],[68,175],[-7,49],[26,119],[53,131],[-18,36],[-25,123],[21,54],[-2,49],[-30,35],[12,105],[50,87],[-21,36],[-1,57],[42,31],[16,65],[-45,38],[43,111],[43,43],[55,156],[13,115],[46,8],[33,48],[92,-69],[39,-110],[-16,-31],[13,-101],[39,-26],[71,-5],[-36,-51],[-9,-55],[56,-19],[18,-45],[33,-15],[-16,-67],[36,-2],[8,-132],[22,-53],[-20,-64],[47,-74],[5,-54],[30,-63],[44,-18],[147,69],[42,-32],[29,-53],[68,-17],[11,-30],[102,-63],[-13,-61],[5,-67],[34,-92],[-4,-42],[31,-39],[-11,-87],[48,-94],[95,-93],[55,-110],[23,-65],[-16,-84],[-29,-63],[7,-29],[95,-74],[-20,-98],[61,-58],[198,-92],[94,5],[34,-39],[6,-50],[31,-32],[117,-14],[55,-24],[21,-47],[73,20],[84,-81],[-54,-66],[22,-37],[124,-78],[14,-51],[69,-113],[2,-57],[53,-127],[29,-40],[94,-47],[-29,71],[39,44],[49,-70],[90,-40],[15,60],[59,-44],[21,-65],[-20,-125],[15,-71],[91,-70],[93,-87],[107,-14],[46,-52],[21,-56],[44,-59],[88,-42],[19,-63],[52,-69],[68,-11],[1,-108],[81,-92],[-29,-79],[22,-113],[0,-68],[-28,-103],[60,-52],[50,-92],[25,-94]],[[9574,814],[153,-21],[131,-36],[151,-62],[63,-3],[178,52],[98,11],[77,26],[68,-14],[48,45],[69,-29],[36,-45],[1,-81],[-22,-143],[11,-70],[-65,-18],[-27,-56],[4,-56],[-54,-105],[-67,19],[-73,-24],[-35,-65],[-44,-38],[-80,-101],[-171,42],[-71,3],[-47,62],[-121,95],[-62,91],[-18,96],[22,18],[-21,61],[-85,72],[-75,175],[-21,24],[49,75]],[[10532,1098],[78,-67],[23,-45],[-50,-44],[-71,67],[20,89]],[[9364,1004],[-55,-17],[-16,54],[9,61],[66,20],[17,-99],[-21,-19]]],"objects":{"australia":{"type":"GeometryCollection","geometries":[{"arcs":[[[0]],[[1]],[[2]],[[3,4,5,6]]],"type":"MultiPolygon","properties":{"name":"Northern Territory"},"id":"NT"},{"arcs":[[[7]],[[-6,8,9]]],"type":"MultiPolygon","properties":{"name":"Western Australia"},"id":"WA"},{"arcs":[[10]],"type":"Polygon","properties":{"name":"Australian Capital Territory"},"id":"ACT"},{"arcs":[[11,12,13,14,15],[-11]],"type":"Polygon","properties":{"name":"New South Wales"},"id":"NSW"},{"arcs":[[[16]],[[17,18,-9,-5,19,-14]]],"type":"MultiPolygon","properties":{"name":"South Australia"},