{"type":"Topology","transform":{"scale":[0.003582195899936336,0.0033298766716175813],"translate":[-73.97784335876864,-33.74228037499992]},"arcs":[[[7744,6290],[48,-51],[-27,-24],[-5,-49],[26,-40],[-28,-18],[-24,-74],[14,-104],[27,-57],[58,-56],[-13,-49],[15,-47],[-31,-53]],[[7804,5668],[-20,-20],[-57,9],[-57,58],[-23,-29],[10,-69],[-61,9],[-34,-10],[-13,-115],[19,-49],[8,-85],[-129,-51]],[[7447,5316],[-16,17],[15,119],[-33,26],[-212,4],[-26,-105],[26,-60],[246,-1]],[[7447,5316],[-6,-59],[-37,-77],[53,-51],[32,-86],[-52,-64],[-54,-87],[68,-29],[6,-34],[-25,-55],[21,-64],[-77,-45],[-26,-34],[-69,-38],[-101,30],[-156,-1],[-38,7],[-51,-23],[-63,-66],[-37,39],[-85,-39],[-54,4],[-92,-31],[-52,-68],[-7,-47],[-34,-3],[-53,-57],[-33,-53]],[[6425,4285],[-42,55],[-51,9],[-34,29],[-63,11],[-116,55],[-32,29],[-48,10],[-39,32],[-107,9],[25,69],[-78,47],[1,83]],[[5841,4723],[-54,127],[13,93],[45,74],[22,65],[42,23],[47,61],[-6,76],[41,44],[52,31],[34,44],[87,24],[52,102],[15,78],[40,45],[54,31],[41,-6],[20,27],[38,116],[-9,31],[23,85],[17,4],[-1,118],[79,139],[3,69],[23,51]],[[6559,6275],[10,45],[46,65],[23,-52],[-21,-40],[10,-44],[155,-72],[74,-22],[78,154],[22,17],[66,-59],[15,-67],[31,-27],[136,3],[145,-51],[-20,51],[79,-21],[97,45],[88,13],[37,39],[114,38]],[[8136,3405],[53,-58],[115,0],[19,-29],[-54,-49],[-65,-6],[-58,-33],[-20,-71],[39,-39]],[[8165,3120],[-63,-5],[-35,-38],[-98,-51],[-27,-49],[-94,22],[-115,-64],[-88,-36],[-105,-63],[-9,-33],[-123,-81],[-54,-24],[-71,-58],[-17,-75],[-37,-32]],[[7229,2533],[-42,88],[-51,16],[-56,85],[-190,3],[20,97],[-30,61],[-73,78],[11,51],[-28,63],[12,33],[-33,87],[-39,13],[-44,44],[-73,-12],[-27,12],[-109,-11],[-29,38],[-65,17],[-65,35],[-46,-11],[-102,23],[-41,24],[-139,-26],[-120,15],[-61,-40]],[[5809,3316],[56,72],[36,12],[131,96],[19,53],[73,77],[-18,35],[67,62],[-3,52],[68,89],[3,53],[82,102],[53,18],[40,59]],[[6416,4096],[34,33],[61,23],[55,41],[33,-27],[127,-18],[95,0],[69,-29],[1,-42],[41,-38],[84,38],[78,13],[190,7],[12,36],[58,-17],[55,0],[57,-50],[-16,-66],[39,-31],[12,-39],[-33,-73],[65,-134],[49,-4],[87,-31],[4,-18],[-50,-87],[14,-52],[-24,-97],[18,-32],[66,-35],[18,-102],[61,-7],[71,10],[39,23],[3,40],[72,15],[20,-14],[95,55],[60,18]],[[10910,7867],[26,-23],[-26,-55],[23,-31],[-35,-133],[-58,-169]],[[10840,7456],[-91,25],[-69,-27],[-23,15],[-59,-7],[-92,-93],[-68,-28],[-81,9],[-18,-26],[-66,34],[-60,60],[-46,30],[-73,-15],[-116,-102]],[[9978,7331],[-23,63],[-54,53],[-98,53],[-100,28],[-52,42],[-77,-34],[-2,-40],[-58,-15],[2,-39],[-63,-42],[-44,-1],[-15,-74],[-82,-41],[-24,81],[-43,26],[-7,80],[-77,47],[-58,-1]],[[9103,7517],[124,83],[95,96],[13,80],[-34,29],[11,34],[-20,64],[43,11]],[[9335,7914],[132,-6],[61,18],[54,-7],[88,-55],[25,-38],[79,-50],[26,42],[49,27]],[[9849,7845],[53,-44],[43,20],[30,-45],[25,22],[63,10],[62,58],[43,21],[33,40],[49,22],[53,-35],[16,-35],[-53,-22],[10,-52],[-32,-50],[39,-19],[3,-55],[55,-34],[42,17],[43,42],[17,48],[40,29],[132,1],[17,17],[94,34],[15,59],[60,21],[63,-7],[46,-41]],[[1995,7178],[50,-23]],[[2045,7155],[-148,-123],[-39,2],[-73,-55],[-38,-61],[-39,14],[-67,-11],[-44,-73],[-48,-32],[-92,-29],[-13,45],[-165,17],[-91,-9],[-65,14],[-107,-45],[-54,39],[-31,-21],[2,348],[13,123],[-80,-66],[-39,-48],[-51,-36],[-54,-20],[-224,0],[10,35],[-64,119],[-119,25],[-112,0],[72,98],[-5,30],[-56,80],[-49,36],[-5,40],[-44,28],[-39,108],[-32,17],[19,51],[-71,61],[-3,63],[74,21],[-26,55]],[[48,7995],[319,-142],[640,-170],[158,-89],[830,-416]],[[4217,10201],[2,-165],[34,-32],[-1,-63],[37,-40],[46,-22],[10,-50],[92,-86],[71,-43],[48,-45],[160,-69],[25,-37],[67,-27],[1,-42],[32,-15],[35,19],[30,-33],[4,-36],[-102,-239],[-430,-993],[-49,-81],[27,-62],[51,-55],[15,-55]],[[4422,7930],[-22,-29],[-5,-63],[-41,-53],[20,-89],[-45,-172],[-21,-17],[-856,-7]],[[3452,7500],[-34,23],[-45,-54],[-69,34],[-8,45],[-36,8],[-22,62],[-46,3],[-50,91],[-51,16],[-177,2],[-15,-49],[-41,-34],[-50,-16],[0,-61],[-20,-41],[-41,-7],[5,-73],[-74,0],[-50,-24],[-60,9],[-30,-21],[-10,-56],[-35,-50],[-27,-2],[-19,49],[-75,-60],[-47,-2],[-29,-33],[-55,51],[-125,-1],[1,-32],[-31,-38],[-65,-32],[-26,-29]],[[48,7995],[11,65],[23,28],[93,70],[33,3],[28,39],[-28,108],[26,60],[38,51],[8,73],[22,63],[-6,36],[73,22],[163,137],[50,28],[107,20],[44,-3],[76,27],[32,-6],[50,70],[55,-12],[45,17],[63,-62],[46,0],[25,42],[82,484],[71,423],[-13,54],[-51,81],[-5,73],[-84,56],[-34,43],[8,221],[54,7],[109,39],[26,-27],[50,20],[9,48],[-38,52],[-87,11],[-70,-5],[-1,195],[77,19],[64,-15],[331,0],[-27,41],[42,26],[32,-59],[58,20],[54,73],[64,17],[70,-122],[11,-50],[-3,-110],[58,14],[132,-127],[83,-17],[108,73],[57,-30],[-19,-44],[38,-14],[34,65],[41,14],[12,52],[32,3],[51,40],[30,-7],[83,74],[37,-14],[59,53],[10,81],[16,19],[66,9],[40,34],[57,15],[8,26]],[[2957,10805],[60,-17],[34,-42],[96,-28],[-4,-69],[-19,-34],[48,-61],[47,-179],[-25,-21],[13,-59],[-22,-88],[12,-46],[-16,-25],[26,-66],[32,-35],[20,-84],[-57,-50],[53,-51],[81,-60],[42,-68],[76,-9],[-5,37],[18,73],[4,80],[21,37],[101,46],[49,-19],[54,-89],[62,6],[57,42],[-23,51],[23,86],[52,109],[29,28],[321,1]],[[8971,9303],[9,-58],[-55,-83],[-48,-50],[-80,-24],[-56,-57],[-19,-76],[-70,-89],[5,-46],[29,-38],[-25,-83],[14,-16],[27,-100],[-7,-45],[-76,-98],[8,-125],[63,-60],[-8,-92],[-39,-62],[-123,-23],[-61,42],[-105,-22],[-66,-94],[-46,-17],[-56,-52],[-71,-37],[-103,-32],[-55,-37],[-23,-87],[-6,-57],[-44,-85],[-7,-49],[-47,-57],[-15,-43],[24,-119],[25,-25],[-15,-178],[-25,-48],[1,-47]],[[7825,7034],[-39,33],[-73,12],[-34,48],[-6,42],[-50,38],[38,58],[-61,42],[-24,71],[-65,56],[47,47],[-5,27],[26,83],[31,17],[60,3],[3,131],[-26,19],[-80,-18],[-41,-26],[-76,114],[-58,66],[-4,50],[-35,36],[35,45],[17,141],[22,92],[-15,39],[4,70],[-19,39],[-9,74],[-136,79],[-43,-8],[-52,28],[-53,-12],[-54,-45]],[[7050,8525],[-2,4],[259,224],[42,-3],[75,99],[26,59],[63,71],[10,82],[24,52],[35,23],[43,68],[0,107],[67,68],[-7,45],[47,66],[16,50],[-1,78],[24,143],[15,9]],[[7786,9770],[87,-16],[15,38],[66,-89],[34,-10],[3,-80],[53,75],[58,-6],[68,-93],[53,-11],[7,-90],[37,-48],[-39,-33],[-34,-87],[-19,-86],[19,-17],[61,48],[31,123],[67,25],[6,-28],[-29,-54],[111,47],[82,-9],[-6,60],[44,-1],[168,-63],[56,-49],[69,-11],[8,-19],[77,-6],[32,23]],[[6463,9958],[-5,-40],[-72,-33],[0,29],[40,37],[37,7]],[[6352,9966],[20,-24],[-33,-114],[-143,-131],[-48,9],[22,54],[44,34],[12,85],[39,63],[63,35],[24,-11]],[[6667,10093],[123,-32],[65,3],[26,22],[112,-1],[10,-16],[130,-14],[15,-34],[-24,-34],[-20,-116],[-27,-58],[-47,-38],[-13,-75],[-107,-54],[-41,-7],[-37,17],[-42,-51],[-47,-18],[-63,34],[-29,-22],[-71,-15],[-47,10],[-3,33],[-43,46],[-20,55],[10,47],[-7,84],[5,76],[36,119],[80,48],[76,-9]],[[6444,10041],[-39,42],[24,47],[51,17],[36,-50],[-72,-56]],[[6837,10154],[33,-12],[-19,-45],[-78,-8],[25,62],[39,3]],[[6826,10224],[-47,-30],[-38,-57],[-49,-20],[-25,26],[-57,-6],[-19,61],[72,2],[20,24],[49,0],[60,25],[34,-25]],[[6598,10291],[6,-72],[-42,-4],[10,79],[26,-3]],[[6685,10309],[-3,-22],[-67,-47],[12,71],[58,-2]],[[5360,10871],[18,-57],[-21,-43],[16,-107],[102,-1],[59,-35],[23,-44],[53,-30],[61,7],[54,-89],[14,-56],[86,-78],[-5,-89],[24,-40],[35,-133],[25,3],[56,-65],[-1,-48],[30,-27],[1,-62],[30,-3],[14,-62],[86,-33],[42,6]],[[6162,9785],[-4,-50],[-41,-23],[-49,17],[-93,-54],[42,-13],[40,16],[33,-36],[56,12],[81,59],[108,50],[70,59],[10,34],[48,0],[-24,-61],[26,-32],[0,-61],[37,-53],[34,-84],[28,-10],[123,30],[82,-26],[73,45],[25,-40],[-19,-87],[32,-6],[58,132],[44,50],[43,-7],[48,71],[30,-58],[14,89],[41,-10],[18,59],[37,65],[-4,36],[58,13],[62,29],[71,-26],[53,39],[109,-70],[112,-13],[6,-44],[47,-3],[19,-34],[40,-19]],[[7050,8525],[47,-18],[44,7],[72,-76],[-42,-25],[16,-49],[-29,-26],[14,-36],[-40,-22],[-20,-54],[-47,-57],[-4,-37],[-92,-35],[-51,-36],[3,-98],[-52,-83],[-2,-42],[56,-43],[-5,-82],[-32,-97],[-20,-17],[-55,-118],[-50,-27],[-83,-120],[-15,-73],[-35,-84]],[[6628,7177],[-296,17],[-1060,67],[-382,29],[-105,58],[-65,20],[-9,47],[-54,28],[-80,60],[-27,94],[11,65],[-39,54],[-56,156],[-44,58]],[[4217,10201],[-28,326]],[[4189,