{"type":"Topology","transform":{"scale":[0.001468671137121017,0.0009336043956043799],"translate":[22.148342000000127,44.38210700000013]},"arcs":[[[7306,5182],[-69,-81],[37,-38],[55,-14],[-37,-50],[-1,-101],[-105,-23],[-61,8],[-117,71],[-49,58],[-49,7],[-43,-75],[-49,-50],[-19,-69],[-55,26],[-73,-18],[-74,38],[-80,-5],[-37,-25],[-61,-6],[7,-82],[-158,-105],[-62,44],[-97,-43],[-43,38],[-74,7],[-36,-25],[-43,19],[-104,1],[-36,-38],[-11,-63],[-42,-37],[25,-63],[-116,13],[-23,-57],[-140,-26],[-36,-44],[-97,30]],[[5333,4404],[41,45],[-20,112],[-32,50],[-62,49],[5,50],[-67,24],[-26,80],[4,45],[-55,29],[29,64],[-32,56],[-1,50],[58,90],[-2,56]],[[5173,5204],[20,-56],[120,46],[28,108],[129,2],[14,-57],[105,-18],[84,101],[56,-32],[49,38],[63,-38],[148,31],[5,57],[55,12],[43,56],[41,126],[49,94],[-3,170],[69,44],[49,12],[-51,95],[75,12],[25,-19],[-5,-101],[26,-32],[56,12],[113,-19],[62,106],[75,12],[-7,132],[38,31],[24,95],[76,18]],[[6804,6242],[57,-76],[44,-20],[19,-101],[94,-95],[6,-145],[87,-58],[6,-76],[56,-19],[50,-52],[24,-101],[-57,-75],[12,-76],[-25,-50],[-117,46],[-19,-50],[37,-45],[172,-85],[56,18]],[[7680,8528],[-26,-89],[-44,-73],[25,-57],[100,-122],[-76,7],[-38,-35],[59,-38],[-22,-50],[-73,7],[-81,-63],[-1,-57],[-34,-44],[45,-89],[-26,-38],[52,-96],[-20,-82],[-39,-62],[6,-70],[-32,-6],[-7,-126],[-20,-50],[-46,-31],[0,-70],[77,-51],[-14,-82],[102,-39],[6,-50],[-32,-31],[5,-101],[31,-32],[-52,-50],[-26,-56],[-7,-95],[-20,-56]],[[7452,6551],[-26,-44],[-77,-50],[-32,-50],[-64,-25],[-183,-4],[-19,50],[-102,27],[-50,-82],[-70,-5]],[[6829,6368],[-83,76],[-19,76],[37,62],[-57,1],[-26,50],[-77,45],[-32,-25],[1,-50],[-64,7],[-50,-50],[-64,19],[-50,-37],[-59,44],[-76,1],[-40,70],[11,94],[-59,70],[-58,13],[-140,0],[-71,38],[16,76],[-58,38],[-29,101],[-103,57],[17,63],[-27,70],[31,24],[10,76]],[[5710,7377],[37,12],[47,61],[-23,74],[-5,82],[-30,23],[-30,72],[25,38],[-30,59],[70,66],[50,122],[10,51],[68,33],[-4,37],[38,42],[54,3],[7,92],[109,17],[84,-50],[49,55],[93,41],[31,-19],[131,-6],[86,-19],[35,12],[62,-26],[-18,-51],[67,6],[34,-20],[155,74],[35,51],[-15,103],[46,19],[-26,88],[118,-2],[119,-86],[28,18],[156,-6],[67,62],[69,17],[45,32],[69,-32],[57,6]],[[2368,4600],[56,-15],[54,9],[88,-89],[34,33],[124,-25],[19,-74],[73,10],[51,-28],[53,28]],[[2920,4449],[50,-10],[31,-68],[44,-11],[21,34],[49,3],[-3,44],[58,43],[68,-25],[21,33],[115,-22],[88,62],[55,-15],[41,34]],[[3558,4551],[57,-40],[9,-90],[43,-48]],[[3667,4373],[-48,-44],[-56,-14],[-39,33],[-27,-61],[-91,-2],[-38,28],[-63,-46],[-50,5],[-33,59],[-105,-33],[70,-58],[-6,-51],[-88,59],[-11,-43],[-107,-111],[-29,18],[-88,-43],[-25,-55],[-95,-151],[-154,-8],[-94,-34],[-121,-7],[-229,-33],[-44,-14],[-18,-59],[-59,-90],[-72,-30],[-51,-2]],[[1896,3586],[51,121],[-43,46],[-31,112],[23,72],[38,41],[-4,44],[53,17],[50,117],[41,16],[98,120],[53,23],[72,4],[81,-20],[-31,74],[6,57],[-17,118],[32,52]],[[7673,1534],[6,12]],[[7679,1546],[-6,-12]],[[8108,1746],[10,39],[95,-21],[80,-1],[67,80],[63,-50],[27,64],[41,-36],[-3,-53],[-78,8]],[[8410,1776],[-28,-65],[43,-52],[55,19],[42,66],[-7,74],[55,11],[74,-39]],[[8644,1790],[36,-187],[53,-144],[46,-95],[163,-247],[87,-100],[49,-37],[51,4],[77,33],[29,-4],[24,65],[64,56],[40,-61],[63,-30],[52,42],[36,61],[75,15],[68,-3],[62,-28],[40,11],[27,-33],[46,18],[31,-52],[-23,-45],[-40,-5],[-85,-76],[11,-27]],[[9726,921],[-18,-85],[32,-108],[-53,-27],[-58,3],[-41,-27],[-116,20],[-61,-39],[-66,-14],[-17,41],[-67,66],[-96,48],[-47,-3],[-66,-38],[-42,-70],[18,-39],[-56,-30],[-54,-6],[-2,-46],[-67,-25],[-45,-104],[-44,38],[-50,14],[-40,-24],[-113,-3],[-173,-101],[-41,-51],[-29,-91],[-70,-92],[-51,-10],[-36,-72],[-124,-42],[-29,14],[-79,-18]],[[7925,0],[95,51],[-44,101],[-44,-28],[-57,20],[-31,74],[58,37],[13,57],[-32,33],[-73,-4],[-4,45],[36,43],[-50,21],[-14,45]],[[7778,495],[30,68],[-7,114],[-71,155],[-51,41],[-88,-42],[-59,34],[-114,114],[-12,67],[-42,-25],[-42,24],[-103,-2],[-73,-56],[-112,37],[-11,45],[47,67],[71,55],[89,49],[42,0],[53,93],[82,56],[89,46],[5,37],[59,-11],[113,73]],[[7673,1534],[97,36],[37,40],[48,12],[38,44],[-74,12],[-16,164]],[[7803,1842],[33,91],[61,-47],[50,14],[43,-19],[108,-99],[10,-36]],[[8792,5092],[102,-3],[5,-39],[164,-107],[40,-39],[139,2],[70,-53],[13,25],[110,35],[23,-148],[81,-61],[-4,-70],[87,-60],[-15,-57],[81,-48],[66,106],[92,-66],[85,28]],[[9931,4537],[56,-65],[42,-15],[-41,-75],[-11,-184],[64,-21],[18,-97],[-42,-17],[22,-115],[-26,-37],[-58,15],[-80,47],[-43,-18],[4,-133],[34,-39],[-61,-23],[26,-64]],[[9835,3696],[-84,-36],[-58,20],[-31,-24],[-134,22],[-30,96],[-29,135],[-51,40],[-96,-36],[-74,79],[-109,-67],[-158,62],[-59,1],[-113,-22],[-37,-31],[-53,2],[-55,-43],[9,-77],[-44,-82],[50,-72],[-9,-70],[40,-46],[-32,-50],[22,-52],[-8,-57],[15,-52],[-112,-10],[-74,41],[-59,2],[-190,-50],[-102,-35]],[[8170,3284],[-95,-27],[-58,72],[-77,-22],[-108,-14],[-41,34],[-3,95],[-60,-10],[-38,-74],[-48,-4],[-19,-37],[-82,54],[-11,32],[-78,22]],[[7452,3405],[-71,41],[-10,107],[67,23],[-5,94],[20,94],[-48,8],[7,76]],[[7412,3848],[98,79],[109,53],[-5,32],[128,46],[43,36],[-36,46],[-22,70],[13,70],[-3,158],[128,35],[68,42],[-22,70],[-67,34],[-30,39],[50,56],[86,-15],[23,-26],[39,75],[13,63]],[[8025,4811],[151,-80],[17,-45],[89,-47],[38,37],[-23,52],[31,37],[-29,45],[40,127],[38,50],[104,-3],[14,58],[85,17],[26,44],[49,24],[102,-15],[35,-20]],[[11515,3728],[-89,6],[-61,-15],[-51,-182],[-61,13],[-48,-63],[-100,0],[-59,-28],[-55,-98],[14,-73],[-9,-81],[-31,-9],[-19,-59],[69,-13],[6,-51],[-60,-26],[-8,-109],[-65,-60],[-28,44],[-49,-23],[-81,22],[-139,-39],[-82,18],[-50,-29],[-55,-104],[-66,-85],[-70,60],[-115,-64]],[[10153,2680],[-7,70],[60,32],[-13,53],[-79,56],[-3,44],[-83,67],[60,22],[-22,115],[75,-17],[50,35],[-4,32],[55,22],[41,79],[-66,-2],[-51,34],[-43,59],[-47,21],[-31,-23],[-54,78],[-62,33],[-40,122],[-58,14],[4,70]],[[9931,4537],[-1,83],[-31,85],[158,25],[47,-21],[66,73],[42,-2],[59,73],[51,35],[-3,38],[51,29],[9,50],[81,20],[-9,38],[57,28],[-14,58],[10,63],[145,-29],[49,3],[9,37]],[[10707,5223],[45,-54],[-22,-43],[120,-41],[-18,-69],[20,-53],[-54,-66],[140,-11],[-2,-102],[46,-29],[-22,-50],[34,-34],[-5,-64],[-45,-28],[60,-234],[71,-19],[-7,-159],[96,-1],[31,-67],[-3,-38],[45,-29],[101,-27],[14,-110],[149,-12],[23,-65],[-9,-90]],[[1744,5480],[34,-111],[54,-52],[-11,-83],[41,-47],[-32,-47],[42,-60],[50,-8],[-47,-80],[89,-43],[43,-3],[13,-74],[72,5],[17,-112],[22,-42],[41,84],[60,11],[10,-44],[71,-39],[60,-59],[-5,-76]],[[1896,3586],[-25,-5],[-42,96],[-86,39],[-23,63],[-68,59]],[[1652,3838],[-6,72],[33,28],[-11,49],[-53,51],[-16,42],[24,59],[-38,21],[2,44],[-86,73],[-59,-7],[-56,19],[-29,47],[0,120],[-99,-31],[-31,-54],[-38,21],[3,82],[-41,-5],[-41,46],[-11,49],[-54,-7],[-50,76],[-44,20]],[[951,4653],[12,59],[-10,144],[32,99],[54,57],[-3,32],[51,38],[111,-18],[39,36],[183,8],[34,29],[65,13],[-28,104],[46,94],[-30,60],[29,15],[-12,63],[62,50],[102,-55],[56,-1]],[[10816,5935],[28,-42],[-39,-41],[22,-34],[-61,-67],[48,-23],[1,-64],[-53,-41],[-18,-82],[-32,-11],[-18,-76],[28,-40],[5,-90],[38,-67],[-58,-34]],[[8792,5092],[-32,90],[8,64],[144,-4],[62,43],[57,76],[-45,71],[14,45],[96,-22],[3,83],[-21,71],[-35,52],[-96,15],[-29,52],[-14,103],[-36,33],[-54,1],[-66,27],[-59,52],[-11,45],[64,95],[-16,89]],[[8726,6173],[32,38],[55,19],[63,50],[54,-26],[46,83],[62,25],[54,-27],[107,68]],[[9199,6403],[49,-1],[54,46],[16,52],[70,-5],[94,19],[55,-15],[19,-38],[67,-59],[23,-70],[47,2],[74,34],[71,-95],[43,-11],[35,52],[146,76],[87,-14],[77,16],[86,38],[29,38],[50,-10],[57,19],[-8,-81],[63,-52],[50,0],[-15,-90],[18,-47],[74,-86],[118,-53],[10,-30],[68,-68],[-10,-35]],[[7185,1766],[52,-15],[52,30],[52,-20],[0,-31],[-70,8],[-86,28]],[[6790,1899],[-35,12]],[[6755,1911],[35,-12]],[[6564,2095],[-23,-12]],[[6541,2083],[23,12]],[[7803,1842],[-35,9],[-41,-48],[-52,-29],[-63,66],[-116,35],[-34,-30],[-52,39],[-29,-56],[-46,-4],[-109,22],[-99,-15],[-58,-35],[-57,9],[-162,65],[-5,63],[-75,29],[-22,44],[-202,38],[35,57],[123,14],[23,99],[-60,-16],[-22,32],[-100,36],[-49,-48]],[[6496,2218],