{"type":"Topology","transform":{"scale":[0.0008312818897637863,0.0004997976466546369],"translate":[14.122619000000041,49.01571700000011]},"arcs":[[[3398,9149],[43,-36],[70,-129],[53,-33],[65,-8],[119,16],[82,-23],[64,-43],[45,-53]],[[3939,8840],[-20,-61],[-107,-132],[7,-44],[87,-67],[62,-62],[28,-63],[-5,-46],[-35,-12],[-78,-72],[28,-115],[33,-44],[-6,-65],[-73,-173],[34,-17],[75,-12],[58,-50],[57,-71],[21,-49],[3,-120],[-7,-35],[-39,-59],[-31,6],[-47,-51],[43,-42],[58,-104],[78,-5],[38,36],[51,-58],[5,-47],[25,-27],[66,-17],[80,5],[86,-38],[69,-57],[66,-68],[76,-36],[47,3],[34,-54],[49,-42],[114,-34],[47,18],[47,47],[21,41],[43,-11],[6,-37],[47,-85],[37,-2],[17,34],[68,11],[60,-67],[116,-102],[64,-44],[36,-48],[5,-38],[94,14],[35,22],[99,31],[105,-97]],[[5916,6528],[-4,-64],[54,-70],[-30,-39],[-90,-68],[-80,-17],[-7,-18],[-16,-177],[-29,-48],[-115,-39],[-76,2],[-25,-129],[10,-62],[31,-102],[-24,-68],[-54,-95],[-22,11],[-121,16],[-99,-25],[-44,-55],[-39,-106],[-44,-145],[-2,-166],[17,-165],[-23,-87],[-30,-62],[-58,-12],[-63,44],[-42,-23],[-21,-69],[-32,-50],[-99,-23],[-10,-56],[11,-88],[95,-97],[10,-133]],[[4845,4243],[-56,-39],[-103,-57],[-116,-44],[-45,2],[-88,24],[-16,95],[-19,28],[-47,25],[-34,-6]],[[4321,4271],[-20,206],[-17,101],[42,82],[-47,42],[-39,9],[-116,-13],[-38,19],[-19,54],[-11,87],[15,64],[44,24],[16,95],[-90,69],[-95,35],[-99,18],[-160,-14],[-25,-34],[-6,-56],[-28,-22],[-163,-29],[-109,-14],[-61,40],[-36,2],[-58,83],[-37,12],[-76,47],[-63,68],[-11,130],[-20,25],[-180,90],[-109,-22]],[[2705,5469],[-26,126],[-24,54],[-71,60],[-52,-57],[-36,-6],[-60,25],[-53,38],[-8,22],[8,99],[13,41],[-28,44],[-50,-23],[-60,61],[-49,119],[-48,13],[-58,62],[-20,38],[-5,124],[15,28],[2,70],[34,90],[24,101],[-6,52],[-84,157],[-2,29],[61,-5],[-7,143],[-27,102],[-34,75],[-5,120],[5,98],[162,52],[19,37],[-22,85],[-40,78],[107,92],[5,22],[-1,179],[21,71]],[[2305,7985],[8,9],[92,-65],[93,-12],[118,49],[34,23],[62,70],[46,99],[55,71],[52,43],[91,34],[30,20],[88,26],[107,147],[-43,75],[-27,29],[-97,22],[-77,33],[-39,83],[-4,120],[20,34],[150,-1],[112,-8],[31,138],[38,92],[32,46],[90,3],[31,-16]],[[6022,9084],[106,-207],[43,-100],[8,-41],[38,-44],[35,3],[90,-27],[59,-28],[76,-61],[49,-18],[48,-2],[101,-51],[56,-103],[29,-121],[13,-88],[-6,-38]],[[6767,8158],[-119,-76],[17,-153],[-23,-104],[-66,37],[-67,-92],[-51,-14],[-39,12],[26,-134],[-51,-66],[4,-37],[69,-134],[12,-48],[-9,-35],[-49,0],[-90,-260],[-40,-90],[4,-45],[37,-45],[-20,-49],[-81,-126],[-8,-59]],[[6223,6640],[-63,-14],[-9,-35],[-40,-12],[-153,-1],[-42,-50]],[[3939,8840],[35,14],[20,103],[52,111],[23,33],[80,-3],[46,-27],[94,-15],[50,12],[31,116],[28,31],[97,31],[55,108],[71,8],[43,-24],[54,-7],[140,26],[114,4],[70,-81],[52,-14],[112,-11],[116,-42],[21,-35],[94,47],[91,16],[71,-24],[103,-114],[98,-57],[44,-6],[42,16],[90,4],[46,24]],[[8615,2623],[-14,-54],[-37,-79],[-39,-60],[-1,-95],[13,-64],[3,-98],[20,-99],[-2,-78],[-11,-84],[8,-69],[29,-61],[49,-2],[58,-47],[3,-26],[-114,-99],[-31,-60],[62,-50],[84,-35],[75,-63],[20,-41],[46,-177],[-11,-101],[14,-106],[51,-165]],[[8890,810],[-97,-10],[-47,44],[-23,-4],[-37,34],[-27,-6],[-50,23],[-108,-118],[-43,52],[-38,18],[-90,-38],[8,-27],[55,-46],[-28,-36],[-37,8],[-70,-83],[-1,-30],[-69,-24],[-23,16],[-55,81],[-36,-22],[-64,81],[-28,-5],[-16,80],[-68,12],[-31,-33],[-61,26],[-22,-61],[-22,-14],[-81,32],[-1,19],[-63,26],[-25,-37],[-64,-11],[-66,28],[-8,-32],[4,-85],[-96,5],[-53,-17],[-35,-41],[-27,-1],[-24,-93],[-30,-48],[1,-49],[-26,-96],[-72,44],[-44,62],[-75,9],[-69,-77],[-93,-6],[-25,9],[8,81],[33,54],[0,217],[-9,54],[-49,9],[-25,-37],[-108,45],[0,72],[-83,45],[-51,198],[-75,70]],[[6431,1177],[-48,15],[-30,56],[33,79],[5,67],[-47,-1],[-101,47],[-19,31],[-32,101],[-89,41],[-15,25],[0,82],[-16,54],[-35,-9],[-35,45],[10,62],[44,94],[62,60],[126,153],[111,141],[-39,66],[-81,85],[45,34],[79,-20],[56,98],[50,111],[72,-43],[90,19],[56,62],[45,28],[153,-6],[39,47],[81,34],[31,27],[-14,77]],[[7018,2939],[73,4],[70,-12],[70,-77],[52,-20],[42,1],[84,-60],[44,-87],[28,-77],[9,-60],[59,-90],[37,-81],[32,-40],[44,-12],[117,0],[113,-13],[43,20],[79,128],[53,53],[106,33],[123,21],[52,-3],[68,34],[199,22]],[[7590,4550],[-31,-13],[-47,-137],[-101,-23],[-49,-55],[-82,-59],[-64,11],[-36,22],[-79,-11],[-59,-117],[5,-96],[25,-34],[50,-23],[18,-25],[3,-94],[-21,-71],[-42,13],[-107,105],[-74,5],[-13,-106],[10,-113],[-42,-56],[-46,-29],[-38,-65]],[[6770,3579],[-37,11],[-60,53],[-84,18],[-28,-15],[-74,2],[-17,17],[-63,118],[-41,60],[-86,79],[-67,7],[-25,-33],[-117,-6],[-51,9],[-75,29],[-105,68],[-53,53],[-43,-12],[-34,-37],[-125,-13],[-108,0],[-24,-26]],[[5453,3961],[-110,94],[-14,60],[-37,23],[-23,-48],[-105,-2],[-92,28],[-59,27],[-131,30],[-37,70]],[[6223,6640],[27,-32],[74,-55],[97,-9],[102,-39],[58,-42],[40,-54],[37,-7],[97,39],[134,22],[50,52],[33,-8],[66,-101],[54,-9],[63,-46],[6,-106],[9,-38],[34,-46],[35,17],[77,-36],[59,-50],[-15,-106],[-50,-25],[24,-46],[40,-33],[27,-66],[-2,-49],[72,-21],[19,14],[90,3],[56,-17],[56,-56],[72,-54],[41,-61],[13,-56],[-26,-28],[-4,-64],[22,-39],[42,-37],[29,-56],[-16,-91],[-66,4],[-92,49],[-93,13],[-32,-35],[-10,-69],[49,-127],[9,-135],[67,-38],[1,-84],[-23,-51],[-48,-29],[-34,-54],[-3,-98]],[[4321,4271],[-60,-38],[-75,3],[-66,-46],[-14,-51],[-57,-141],[-18,-114],[-14,-35],[-60,-31],[-28,-44],[-18,-60],[-62,-128],[-107,-139],[-27,-53],[-51,-186],[-27,-79],[-61,-4],[-74,-28],[-91,-198],[-12,-65]],[[3399,2834],[-33,26],[-34,-2],[-31,-65],[9,-26],[44,-25],[2,-63],[37,-89],[78,-32],[13,-117],[-7,-36],[-68,14],[-76,-3],[-15,-46],[-92,-23],[-22,-73],[-32,-38],[-25,-1],[-39,-74],[-85,22],[-27,44],[-34,16],[-2,36],[-26,17],[-6,126],[-43,25],[-10,44],[-53,42],[-1,27],[-36,53],[-60,5],[-27,35],[-2,54],[-18,26],[-59,-4],[-25,-19],[-38,79],[-42,-3],[-12,81],[81,68],[75,31],[34,2],[40,48],[21,91],[42,12],[-1,27],[-63,59],[-19,44],[-53,52],[-51,-12],[-35,25],[-34,-2],[-14,-64],[-24,-20],[-54,51],[-77,13],[-40,-56],[2,-36],[-76,-14],[3,109],[-29,61],[-51,-3],[-16,-19],[-76,-14],[-3,63],[-37,42],[-2,45],[-42,-11],[-119,-8],[-11,35],[-60,14],[-45,33],[-85,-6],[-10,27],[-42,-3],[-37,33],[-56,-58],[-34,7],[-8,125],[-36,34],[-35,6],[-39,79],[-5,72],[33,29],[-29,52],[-45,33],[-76,-24],[-5,72],[-91,-43],[6,37],[-68,-5],[-36,24],[-33,-30],[-14,-46],[43,3],[7,-99],[-25,-19],[8,-117],[-68,-15],[-18,17],[-119,-10],[-12,46],[95,115],[6,45],[31,39],[4,73],[21,58],[32,45],[-4,63],[28,49],[19,153],[30,57],[-5,110],[-41,72],[-28,22],[-11,42],[3,81]],[[1019,4778],[96,67],[54,14],[62,31],[67,-58],[54,-22],[73,140],[31,27],[74,37],[28,-6],[152,-102],[85,26],[48,72],[74,90],[63,114],[60,137],[18,24],[64,20],[29,36],[27,84],[38,7],[89,-17],[94,-34],[22,-146],[69,-43],[65,18],[89,65],[61,110]],[[10920,6566],[24,-39],[-8,-87],[15,-20],[115,-30],[74,0],[33,-14],[3,-49],[52,16],[33,-20],[18,-41],[32,-9],[34,-55],[59,5],[11,-35],[36,-21],[18,-51],[11,-89],[29,-41],[-57,-86],[7,-39],[-38,-34],[28,-47],[-33,-38],[8,-50],[-17,-48],[53,-55],[-20,-55],[-71,-42],[-30,-73],[28,-15],[-12,-50],[-14,-175],[29,-37],[-8,-87],[45,-4],[36,-42],[-17,-36],[60,-27],[6,-37],[-27,-37],[42,-13],[15,-45],[-19,-51],[-3,-56],[-27,-16],[-20,-53],[-2,-45],[19,-56],[80,-31],[5,-63],[24,-47],[78,-64],[12,-33],[58,-28],[-22,-48],[23,-88],[48,-5],[24,-117],[32,-38],[23,-56],[-2,-36],[64,-85],[75,-41],[73,-68],[-54,-42],[-136,9],[-28,-52],[4,-82],[59,-13],[-5,-90],[68,-4],[-20,-62],[39,-56],[-3,-54],[16,-20],[-15,-134],[-21,-62],[-5,-99],[-29,-70],[-79,-49],[-43,-16],[-101,6],[-59,13],[-52,-15],[-62,-60],[-21,-80],[-43,-35]],[[11475,2622],[-100,51],[-35,28],[-47,96],[-153,27],[-84,-11],[-116,-136],[-70,-62],[-57,-15],[-76,-3],[-63,12],[-70,-11],[-99,6],[-178,57],[12,72],[-60,-27],[-64,-14],[-41,4],[-47,46],[-24,72],[47,81],[38,19],[54,-8],[33,33],[-42,63],[-9,98],[-193,114],[-124,27],[-58,23],[-106,25],[-26,38],[75,163],[-75,60],[-40,21],[-60,-1],[-51,-43],[-53,-24],[-57,9],[-55,34],[-34,40]],[[9367,3586],[-28,48],[-22,73],[1,57],[-20,91],[8,145],[-4,62]],[[9302,4062],[-27,129],[-32,105],[0,33],[56,342],[-55,